anno,settimana,incidenza,target
2025,42,0.40192405063291137,ARI+_FLU_A
2025,43,0.4242407407407407,ARI+_FLU_A
2025,44,0.7463056092843326,ARI+_FLU_A
