anno,settimana,incidenza,target
2025,42,0.038278481012658225,ARI+_FLU_B
2025,43,0.013685185185185186,ARI+_FLU_B
2025,44,0.014081237911025146,ARI+_FLU_B
