anno,settimana,incidenza,target
2025,42,0.4015384615384615,ARI+_FLU_A
2025,43,0.33593360995850624,ARI+_FLU_A
