anno,settimana,incidenza,target
2025,42,0.04015384615384615,ARI+_FLU_B
2025,43,0.015269709543568466,ARI+_FLU_B
