anno,settimana,numero_casi,numero_assistiti,incidenza,target
2024,42,0,1391,0.0,ILI
2024,43,0,1391,0.0,ILI
2024,44,0,1391,0.0,ILI
2024,45,0,1391,0.0,ILI
2024,46,0,1391,0.0,ILI
2024,47,0,1391,0.0,ILI
2024,48,2,2876,0.695410292072323,ILI
2024,49,15,4057,3.69731328567907,ILI
2024,50,28,4057,6.90165146660094,ILI
2024,51,44,4057,10.8454523046586,ILI
2024,52,49,4057,12.0778900665516,ILI
2025,1,92,4057,22.6768548188316,ILI
