anno,settimana,numero_casi,numero_assistiti,incidenza,target
2024,42,0,1391,0.0,ILI
2024,43,0,1391,0.0,ILI
2024,44,0,1391,0.0,ILI
2024,45,0,1391,0.0,ILI
2024,46,0,1391,0.0,ILI
2024,47,0,1391,0.0,ILI
2024,48,0,1391,0.0,ILI
2024,49,0,1391,0.0,ILI
2024,50,5,1391,3.59453630481668,ILI
2024,51,6,1391,4.31344356578001,ILI
2024,52,7,1391,5.03235082674335,ILI
