anno,settimana,numero_casi,numero_assistiti,incidenza,target
2024,42,115.0,45648.0,2.5192779530319,ILI
2024,43,183.0,44646.0,4.09891143663486,ILI
2024,44,202.0,44646.0,4.52448147650405,ILI
2024,45,261.0,44630.0,5.8480842482635,ILI
2024,46,239.0,44880.0,5.325311942959,ILI
2024,47,316.0,44363.0,7.12305299461263,ILI
2024,48,428.0,39351.0,10.8764707377195,ILI
2024,49,349.0,34693.0,10.0596662150866,ILI
2024,50,168.0,13848.0,12.1317157712305,ILI
2024,51,239.0,14723.0,16.23,ILI
