anno,settimana,numero_casi,numero_assistiti,incidenza,target
2024,42,1167.0,173329.0,6.73286062920804,ILI
2024,43,1146.0,172610.0,6.63924453971381,ILI
2024,44,977.0,168042.0,5.81402268480499,ILI
2024,45,1355.0,173969.0,7.78874397162713,ILI
2024,46,1420.0,180976.0,7.84634426664309,ILI
2024,47,1522.0,179701.0,8.46962454299086,ILI
2024,48,1376.0,169356.0,8.12489666737523,ILI
2024,49,1519.0,159810.0,9.50503723171266,ILI
2024,50,1328.0,131115.0,10.1285131373222,ILI
2024,51,1057.0,109407.0,9.66,ILI
