anno,settimana,numero_casi,numero_assistiti,incidenza,target
2024,42,1171,165982,7.05498186550349,ILI
2024,43,1115,161423,6.90731804018015,ILI
2024,44,954,157284,6.06546120393683,ILI
2024,45,1184,156381,7.57125226210345,ILI
2024,46,930,128235,7.25231021172067,ILI
