anno,settimana,numero_casi,numero_assistiti,incidenza,target
2024,42,12022,2051743,5.85940831770841,ILI
2024,43,11610,2039831,5.69164798456343,ILI
2024,44,10680,2021709,5.2826593738268,ILI
2024,45,12535,1935705,6.47567682058991,ILI
2024,46,10431,1473283,7.08010613032255,ILI
