anno,settimana,numero_casi,numero_assistiti,incidenza,target
2024,42,1621,306982,5.28043989549876,ILI
2024,43,1567,306982,5.10453381631496,ILI
2024,44,1461,306982,4.75923669791714,ILI
2024,45,1873,306982,6.10133493168981,ILI
2024,46,1688,249942,6.75356682750398,ILI
