anno,settimana,numero_casi,numero_assistiti,incidenza,target
2024,42,1621.0,306982.0,5.28043989549876,ILI
2024,43,1557.0,306982.0,5.07195861646611,ILI
2024,44,1461.0,306982.0,4.75923669791714,ILI
2024,45,1873.0,306982.0,6.10133493168981,ILI
2024,46,2123.0,306982.0,6.91571492791108,ILI
2024,47,2403.0,306982.0,7.82782052367891,ILI
2024,48,2585.0,306982.0,8.420689160928,ILI
2024,49,2706.0,305303.0,8.86332594176932,ILI
2024,50,2750.0,284102.0,9.67962210755292,ILI
2024,51,2777.0,251310.0,11.05,ILI
