anno,settimana,numero_casi,numero_assistiti,incidenza,target
2024,42,4690,506732,9.25538548976579,ILI
2024,43,4422,505351,8.75035371454692,ILI
2024,44,4238,509935,8.3108631492249,ILI
2024,45,4900,510775,9.59326513631247,ILI
2024,46,4986,510163,9.77334694989641,ILI
2024,47,5260,510347,10.306712883587,ILI
2024,48,5072,475101,10.6756247618927,ILI
2024,49,4925,445583,11.0529351433964,ILI
2024,50,4018,355913,11.2892757499726,ILI
