anno,settimana,numero_casi,numero_assistiti,incidenza,target
2024,42,4690.0,506732.0,9.25538548976579,ILI
2024,43,4422.0,505351.0,8.75035371454692,ILI
2024,44,4238.0,509935.0,8.3108631492249,ILI
2024,45,4900.0,510775.0,9.59326513631247,ILI
2024,46,4986.0,510163.0,9.77334694989641,ILI
2024,47,5260.0,510347.0,10.306712883587,ILI
2024,48,5072.0,475101.0,10.6756247618927,ILI
2024,49,4925.0,445583.0,11.0529351433964,ILI
2024,50,4018.0,355913.0,11.2892757499726,ILI
2024,51,2963.0,282010.0,10.51,ILI
