anno,settimana,numero_casi,numero_assistiti,incidenza,target
2024,42,4448,495153,8.98308199687773,ILI
2024,43,4099,486650,8.42289119490393,ILI
2024,44,3757,487081,7.71329614581558,ILI
2024,45,4297,476119,9.02505466070457,ILI
2024,46,4153,447144,9.28783568604297,ILI
2024,47,3485,365597,9.53235393069418,ILI
