anno,settimana,numero_casi,numero_assistiti,incidenza,target
2024,42,125,42517,2.94000047040008,ILI
2024,43,166,42517,3.9043206246913,ILI
2024,44,140,40970,3.41713448865023,ILI
2024,45,248,44169,5.61479770880029,ILI
2024,46,270,45663,5.91288351619473,ILI
2024,47,306,42735,7.16040716040716,ILI
2024,48,309,43553,7.09480403186922,ILI
2024,49,299,42563,7.02488076498367,ILI
2024,50,382,42695,8.94718351094976,ILI
2024,51,368,37423,9.83352483766668,ILI
2024,52,167,23461,7.1181961553216,ILI
