anno,settimana,numero_casi,numero_assistiti,incidenza,target
2024,42,30,16178,1.8543701322784,ILI
2024,43,33,16178,2.03980714550624,ILI
2024,44,25,16178,1.54530844356534,ILI
2024,45,30,16178,1.8543701322784,ILI
2024,46,39,16178,2.41068117196192,ILI
