anno,settimana,numero_casi,numero_assistiti,incidenza,target
2024,42,30,16178,1.8543701322784,ILI
2024,43,33,16178,2.03980714550624,ILI
2024,44,25,16178,1.54530844356534,ILI
2024,45,30,16178,1.8543701322784,ILI
2024,46,41,16178,2.53430584744715,ILI
2024,47,28,13206,2.12024837195214,ILI
