anno,settimana,numero_casi,numero_assistiti,incidenza,target
2024,42,13.0,3268.0,3.97796817625459,ILI
2024,43,7.0,3268.0,2.14198286413709,ILI
2024,44,4.0,3268.0,1.22399020807834,ILI
2024,45,9.0,4693.0,1.91774984018751,ILI
2024,46,10.0,6078.0,1.64527805199079,ILI
2024,47,12.0,5666.0,2.11789622308507,ILI
2024,48,12.0,8711.0,1.37756859143612,ILI
2024,49,14.0,8711.0,1.60716335667547,ILI
2024,50,17.0,7286.0,2.33324183365358,ILI
2024,51,20.0,4018.0,4.98,ILI
