anno,settimana,numero_casi,numero_assistiti,incidenza,target
2024,42,4,1519,2.63331138907176,ILI
2024,43,4,1519,2.63331138907176,ILI
