anno,settimana,numero_casi,numero_assistiti,incidenza,target
2024,42,1105,132396,8.34617360041089,ILI
2024,43,951,132396,7.18299646515,ILI
2024,44,797,130655,6.10003444185068,ILI
2024,45,876,130778,6.69837434430868,ILI
2024,46,784,111298,7.04415173677874,ILI
