anno,settimana,numero_casi,numero_assistiti,incidenza,target
2024,42,1105,132396,8.34617360041089,ILI
2024,43,951,132396,7.18299646515,ILI
2024,44,797,130655,6.10003444185068,ILI
2024,45,883,132396,6.6693857820478,ILI
2024,46,925,129277,7.1551784153407,ILI
2024,47,994,126071,7.88444606610561,ILI
2024,48,924,105874,8.72735515801802,ILI
