anno,settimana,numero_casi,numero_assistiti,incidenza,target
2024,42,1105,132396,8.34617360041089,ILI
2024,43,951,132396,7.18299646515,ILI
2024,44,797,130655,6.10003444185068,ILI
2024,45,883,132396,6.6693857820478,ILI
2024,46,935,132396,7.06214689265537,ILI
2024,47,1027,132396,7.75703193449953,ILI
2024,48,1115,129817,8.58901376553148,ILI
2024,49,1155,125279,9.21942224953903,ILI
2024,50,1168,108969,10.7186447521772,ILI
