anno,settimana,numero_casi,numero_assistiti,incidenza,target
2024,42,1105,132396,8.34617360041089,ILI
2024,43,951,132396,7.18299646515,ILI
2024,44,797,130655,6.10003444185068,ILI
2024,45,883,132396,6.6693857820478,ILI
2024,46,930,130895,7.10493143359181,ILI
2024,47,1015,129293,7.85038633181998,ILI
2024,48,1100,126714,8.68096658617043,ILI
2024,49,1081,113318,9.53952593586191,ILI
