anno,settimana,numero_casi,numero_assistiti,incidenza,target
2024,42,238,146447,1.62516132116056,ILI
2024,43,301,142731,2.1088621252566,ILI
2024,44,336,141236,2.37899685632558,ILI
2024,45,486,124025,3.91856480548277,ILI
2024,46,554,113028,4.90144035106345,ILI
2024,47,384,65915,5.82568459379504,ILI
