anno,settimana,numero_casi,numero_assistiti,incidenza,target
2024,42,56.0,25381.0,2.20637484732674,ILI
2024,43,67.0,25381.0,2.63976990662306,ILI
2024,44,69.0,25381.0,2.71856900831331,ILI
2024,45,101.0,25381.0,3.97935463535716,ILI
2024,46,111.0,25381.0,4.37335014380836,ILI
2024,47,156.0,25381.0,6.14632993183878,ILI
2024,48,176.0,25381.0,6.93432094874118,ILI
2024,49,196.0,25381.0,7.72231196564359,ILI
2024,50,182.0,24600.0,7.39837398373984,ILI
2024,51,194.0,10936.0,17.74,ILI
