anno,settimana,numero_casi,numero_assistiti,incidenza,target
2024,42,861.0,197648.0,4.35622925605116,ILI
2024,43,829.0,197648.0,4.19432526511778,ILI
2024,44,865.0,199108.0,4.34437591658798,ILI
2024,45,1067.0,199108.0,5.35890069710911,ILI
2024,46,1404.0,197944.0,7.09291516792628,ILI
2024,47,1529.0,196749.0,7.77132285297511,ILI
2024,48,1621.0,190046.0,8.52951390715932,ILI
2024,49,1599.0,175238.0,9.12473321996371,ILI
2024,50,982.0,114996.0,8.53942745834638,ILI
2024,51,955.0,103746.0,9.21,ILI
