anno,settimana,numero_casi,numero_assistiti,incidenza,target
2024,42,352,83165,4.232549750496,ILI
2024,43,330,83165,3.96801539109,ILI
2024,44,308,83165,3.703481031684,ILI
2024,45,434,83165,5.21854145373655,ILI
2024,46,511,83165,6.14441171165755,ILI
2024,47,517,81623,6.3339989953812,ILI
2024,48,462,76032,6.07638888888889,ILI
2024,49,516,74722,6.90559674526913,ILI
2024,50,511,65406,7.81273889245635,ILI
