anno,settimana,numero_casi,numero_assistiti,incidenza,target
2024,42,352,83165,4.232549750496,ILI
2024,43,330,83165,3.96801539109,ILI
2024,44,308,83165,3.703481031684,ILI
2024,45,428,82037,5.2171581115838,ILI
2024,46,499,80434,6.20384414551061,ILI
2024,47,499,75407,6.61742278568303,ILI
2024,48,312,51917,6.00959223375773,ILI
