anno,settimana,numero_casi,numero_assistiti,incidenza,target
2024,42,352.0,83165.0,4.232549750496,ILI
2024,43,330.0,83165.0,3.96801539109,ILI
2024,44,308.0,83165.0,3.703481031684,ILI
2024,45,434.0,83165.0,5.21854145373655,ILI
2024,46,511.0,83165.0,6.14441171165755,ILI
2024,47,517.0,81623.0,6.3339989953812,ILI
2024,48,462.0,76032.0,6.07638888888889,ILI
2024,49,516.0,74722.0,6.90559674526913,ILI
2024,50,511.0,65406.0,7.81273889245635,ILI
2024,51,450.0,49677.0,9.06,ILI
