anno,settimana,numero_casi,numero_assistiti,incidenza,target
2024,42,352,83165,4.232549750496,ILI
2024,43,330,83165,3.96801539109,ILI
2024,44,308,83165,3.703481031684,ILI
2024,45,434,83165,5.21854145373655,ILI
2024,46,511,83165,6.14441171165755,ILI
2024,47,531,83165,6.38489749293573,ILI
2024,48,528,79664,6.62783691504318,ILI
2024,49,592,78354,7.55545345483319,ILI
2024,50,620,75048,8.261379383861,ILI
2024,51,659,66973,9.83978618249145,ILI
2024,52,591,52418,11.2747529474608,ILI
