anno,settimana,numero_casi,numero_assistiti,incidenza,target
2024,42,106,28108,3.7711683506475,ILI
2024,43,101,30700,3.28990228013029,ILI
2024,44,116,30700,3.7785016286645,ILI
2024,45,148,29105,5.0850369352345,ILI
2024,46,144,29105,4.94760350455248,ILI
2024,47,233,29105,8.00549733722728,ILI
2024,48,230,27371,8.40305432757298,ILI
2024,49,198,27371,7.23393372547587,ILI
2024,50,252,28481,8.84800393244619,ILI
2024,51,151,18508,8.15863410417117,ILI
2024,52,115,13425,8.56610800744879,ILI
