anno,settimana,numero_casi,numero_assistiti,incidenza,target
2024,42,89,13646,6.52205774585959,ILI
2024,43,75,15446,4.85562605205231,ILI
2024,44,48,15446,3.10760067331348,ILI
2024,45,43,15446,2.78389226984333,ILI
2024,46,60,14145,4.24178154825027,ILI
