anno,settimana,numero_casi,numero_assistiti,incidenza,target
2024,42,89,13646,6.52205774585959,ILI
2024,43,75,15446,4.85562605205231,ILI
2024,44,48,15446,3.10760067331348,ILI
2024,45,43,15446,2.78389226984333,ILI
2024,46,61,15446,3.94924252233588,ILI
2024,47,45,15446,2.91337563123139,ILI
2024,48,31,10215,3.0347528144885,ILI
