anno,settimana,numero_casi,numero_assistiti,incidenza,target
2024,42,89.0,13646.0,6.52205774585959,ILI
2024,43,75.0,15446.0,4.85562605205231,ILI
2024,44,48.0,15446.0,3.10760067331348,ILI
2024,45,43.0,15446.0,2.78389226984333,ILI
2024,46,61.0,15446.0,3.94924252233588,ILI
2024,47,45.0,15446.0,2.91337563123139,ILI
2024,48,46.0,15446.0,2.97811731192542,ILI
2024,49,56.0,15446.0,3.62553411886573,ILI
2024,50,38.0,12075.0,3.14699792960663,ILI
2024,51,46.0,9395.0,4.9,ILI
