anno,settimana,numero_casi,numero_assistiti,incidenza,target
2024,42,803,149115,5.38510545552091,ILI
2024,43,897,148272,6.04969245710586,ILI
2024,44,831,159606,5.20657118153453,ILI
2024,45,974,163126,5.97084462317472,ILI
2024,46,1000,166792,5.99549139047436,ILI
2024,47,855,140325,6.09299839657937,ILI
